Location,Latitude,Longitude
YEG-1,53.4167,-113.7167
YEG-2,53.4167,-113.7015842
YEG-3,53.4167,-113.6864684
YEG-4,53.4167,-113.6713526
YEG-5,53.4167,-113.6562369
YEG-6,53.4167,-113.6411211
YEG-7,53.4167,-113.6260053
YEG-8,53.4167,-113.6108895
YEG-9,53.4167,-113.5957737
YEG-10,53.4167,-113.5806579
YEG-11,53.4167,-113.5655421
YEG-12,53.4167,-113.5504263
YEG-13,53.4167,-113.5353106
YEG-14,53.4167,-113.5201948
YEG-15,53.4167,-113.505079
YEG-16,53.4167,-113.4899632
YEG-17,53.4167,-113.4748474
YEG-18,53.4167,-113.4597316
YEG-19,53.4167,-113.4446158
YEG-20,53.4167,-113.4295
YEG-21,53.4167,-113.4143843
YEG-22,53.4167,-113.3992685
YEG-23,53.4167,-113.3841527
YEG-24,53.4167,-113.3690369
YEG-25,53.4167,-113.3539211
YEG-26,53.4167,-113.3388053
YEG-27,53.42570901,-113.7167
YEG-28,53.42570901,-113.7015842
YEG-29,53.42570901,-113.6864684
YEG-30,53.42570901,-113.6713526
YEG-31,53.42570901,-113.6562369
YEG-32,53.42570901,-113.6411211
YEG-33,53.42570901,-113.6260053
YEG-34,53.42570901,-113.6108895
YEG-35,53.42570901,-113.5957737
YEG-36,53.42570901,-113.5806579
YEG-37,53.42570901,-113.5655421
YEG-38,53.42570901,-113.5504263
YEG-39,53.42570901,-113.5353106
YEG-40,53.42570901,-113.5201948
YEG-41,53.42570901,-113.505079
YEG-42,53.42570901,-113.4899632
YEG-43,53.42570901,-113.4748474
YEG-44,53.42570901,-113.4597316
YEG-45,53.42570901,-113.4446158
YEG-46,53.42570901,-113.4295
YEG-47,53.42570901,-113.4143843
YEG-48,53.42570901,-113.3992685
YEG-49,53.42570901,-113.3841527
YEG-50,53.42570901,-113.3690369
YEG-51,53.42570901,-113.3539211
YEG-52,53.42570901,-113.3388053
YEG-53,53.43471802,-113.7167
YEG-54,53.43471802,-113.7015842
YEG-55,53.43471802,-113.6864684
YEG-56,53.43471802,-113.6713526
YEG-57,53.43471802,-113.6562369
YEG-58,53.43471802,-113.6411211
YEG-59,53.43471802,-113.6260053
YEG-60,53.43471802,-113.6108895
YEG-61,53.43471802,-113.5957737
YEG-62,53.43471802,-113.5806579
YEG-63,53.43471802,-113.5655421
YEG-64,53.43471802,-113.5504263
YEG-65,53.43471802,-113.5353106
YEG-66,53.43471802,-113.5201948
YEG-67,53.43471802,-113.505079
YEG-68,53.43471802,-113.4899632
YEG-69,53.43471802,-113.4748474
YEG-70,53.43471802,-113.4597316
YEG-71,53.43471802,-113.4446158
YEG-72,53.43471802,-113.4295
YEG-73,53.43471802,-113.4143843
YEG-74,53.43471802,-113.3992685
YEG-75,53.43471802,-113.3841527
YEG-76,53.43471802,-113.3690369
YEG-77,53.43471802,-113.3539211
YEG-78,53.43471802,-113.3388053
YEG-79,53.44372703,-113.7167
YEG-80,53.44372703,-113.7015842
YEG-81,53.44372703,-113.6864684
YEG-82,53.44372703,-113.6713526
YEG-83,53.44372703,-113.6562369
YEG-84,53.44372703,-113.6411211
YEG-85,53.44372703,-113.6260053
YEG-86,53.44372703,-113.6108895
YEG-87,53.44372703,-113.5957737
YEG-88,53.44372703,-113.5806579
YEG-89,53.44372703,-113.5655421
YEG-90,53.44372703,-113.5504263
YEG-91,53.44372703,-113.5353106
YEG-92,53.44372703,-113.5201948
YEG-93,53.44372703,-113.505079
YEG-94,53.44372703,-113.4899632
YEG-95,53.44372703,-113.4748474
YEG-96,53.44372703,-113.4597316
YEG-97,53.44372703,-113.4446158
YEG-98,53.44372703,-113.4295
YEG-99,53.44372703,-113.4143843
YEG-100,53.44372703,-113.3992685
YEG-101,53.44372703,-113.3841527
YEG-102,53.44372703,-113.3690369
YEG-103,53.44372703,-113.3539211
YEG-104,53.44372703,-113.3388053
YEG-105,53.45273604,-113.7167
YEG-106,53.45273604,-113.7015842
YEG-107,53.45273604,-113.6864684
YEG-108,53.45273604,-113.6713526
YEG-109,53.45273604,-113.6562369
YEG-110,53.45273604,-113.6411211
YEG-111,53.45273604,-113.6260053
YEG-112,53.45273604,-113.6108895
YEG-113,53.45273604,-113.5957737
YEG-114,53.45273604,-113.5806579
YEG-115,53.45273604,-113.5655421
YEG-116,53.45273604,-113.5504263
YEG-117,53.45273604,-113.5353106
YEG-118,53.45273604,-113.5201948
YEG-119,53.45273604,-113.505079
YEG-120,53.45273604,-113.4899632
YEG-121,53.45273604,-113.4748474
YEG-122,53.45273604,-113.4597316
YEG-123,53.45273604,-113.4446158
YEG-124,53.45273604,-113.4295
YEG-125,53.45273604,-113.4143843
YEG-126,53.45273604,-113.3992685
YEG-127,53.45273604,-113.3841527
YEG-128,53.45273604,-113.3690369
YEG-129,53.45273604,-113.3539211
YEG-130,53.45273604,-113.3388053
YEG-131,53.46174505,-113.7167
YEG-132,53.46174505,-113.7015842
YEG-133,53.46174505,-113.6864684
YEG-134,53.46174505,-113.6713526
YEG-135,53.46174505,-113.6562369
YEG-136,53.46174505,-113.6411211
YEG-137,53.46174505,-113.6260053
YEG-138,53.46174505,-113.6108895
YEG-139,53.46174505,-113.5957737
YEG-140,53.46174505,-113.5806579
YEG-141,53.46174505,-113.5655421
YEG-142,53.46174505,-113.5504263
YEG-143,53.46174505,-113.5353106
YEG-144,53.46174505,-113.5201948
YEG-145,53.46174505,-113.505079
YEG-146,53.46174505,-113.4899632
YEG-147,53.46174505,-113.4748474
YEG-148,53.46174505,-113.4597316
YEG-149,53.46174505,-113.4446158
YEG-150,53.46174505,-113.4295
YEG-151,53.46174505,-113.4143843
YEG-152,53.46174505,-113.3992685
YEG-153,53.46174505,-113.3841527
YEG-154,53.46174505,-113.3690369
YEG-155,53.46174505,-113.3539211
YEG-156,53.46174505,-113.3388053
YEG-157,53.47075405,-113.7167
YEG-158,53.47075405,-113.7015842
YEG-159,53.47075405,-113.6864684
YEG-160,53.47075405,-113.6713526
YEG-161,53.47075405,-113.6562369
YEG-162,53.47075405,-113.6411211
YEG-163,53.47075405,-113.6260053
YEG-164,53.47075405,-113.6108895
YEG-165,53.47075405,-113.5957737
YEG-166,53.47075405,-113.5806579
YEG-167,53.47075405,-113.5655421
YEG-168,53.47075405,-113.5504263
YEG-169,53.47075405,-113.5353106
YEG-170,53.47075405,-113.5201948
YEG-171,53.47075405,-113.505079
YEG-172,53.47075405,-113.4899632
YEG-173,53.47075405,-113.4748474
YEG-174,53.47075405,-113.4597316
YEG-175,53.47075405,-113.4446158
YEG-176,53.47075405,-113.4295
YEG-177,53.47075405,-113.4143843
YEG-178,53.47075405,-113.3992685
YEG-179,53.47075405,-113.3841527
YEG-180,53.47075405,-113.3690369
YEG-181,53.47075405,-113.3539211
YEG-182,53.47075405,-113.3388053
YEG-183,53.47976306,-113.7167
YEG-184,53.47976306,-113.7015842
YEG-185,53.47976306,-113.6864684
YEG-186,53.47976306,-113.6713526
YEG-187,53.47976306,-113.6562369
YEG-188,53.47976306,-113.6411211
YEG-189,53.47976306,-113.6260053
YEG-190,53.47976306,-113.6108895
YEG-191,53.47976306,-113.5957737
YEG-192,53.47976306,-113.5806579
YEG-193,53.47976306,-113.5655421
YEG-194,53.47976306,-113.5504263
YEG-195,53.47976306,-113.5353106
YEG-196,53.47976306,-113.5201948
YEG-197,53.47976306,-113.505079
YEG-198,53.47976306,-113.4899632
YEG-199,53.47976306,-113.4748474
YEG-200,53.47976306,-113.4597316
YEG-201,53.47976306,-113.4446158
YEG-202,53.47976306,-113.4295
YEG-203,53.47976306,-113.4143843
YEG-204,53.47976306,-113.3992685
YEG-205,53.47976306,-113.3841527
YEG-206,53.47976306,-113.3690369
YEG-207,53.47976306,-113.3539211
YEG-208,53.47976306,-113.3388053
YEG-209,53.48877207,-113.7167
YEG-210,53.48877207,-113.7015842
YEG-211,53.48877207,-113.6864684
YEG-212,53.48877207,-113.6713526
YEG-213,53.48877207,-113.6562369
YEG-214,53.48877207,-113.6411211
YEG-215,53.48877207,-113.6260053
YEG-216,53.48877207,-113.6108895
YEG-217,53.48877207,-113.5957737
YEG-218,53.48877207,-113.5806579
YEG-219,53.48877207,-113.5655421
YEG-220,53.48877207,-113.5504263
YEG-221,53.48877207,-113.5353106
YEG-222,53.48877207,-113.5201948
YEG-223,53.48877207,-113.505079
YEG-224,53.48877207,-113.4899632
YEG-225,53.48877207,-113.4748474
YEG-226,53.48877207,-113.4597316
YEG-227,53.48877207,-113.4446158
YEG-228,53.48877207,-113.4295
YEG-229,53.48877207,-113.4143843
YEG-230,53.48877207,-113.3992685
YEG-231,53.48877207,-113.3841527
YEG-232,53.48877207,-113.3690369
YEG-233,53.48877207,-113.3539211
YEG-234,53.48877207,-113.3388053
YEG-235,53.49778108,-113.7167
YEG-236,53.49778108,-113.7015842
YEG-237,53.49778108,-113.6864684
YEG-238,53.49778108,-113.6713526
YEG-239,53.49778108,-113.6562369
YEG-240,53.49778108,-113.6411211
YEG-241,53.49778108,-113.6260053
YEG-242,53.49778108,-113.6108895
YEG-243,53.49778108,-113.5957737
YEG-244,53.49778108,-113.5806579
YEG-245,53.49778108,-113.5655421
YEG-246,53.49778108,-113.5504263
YEG-247,53.49778108,-113.5353106
YEG-248,53.49778108,-113.5201948
YEG-249,53.49778108,-113.505079
YEG-250,53.49778108,-113.4899632
YEG-251,53.49778108,-113.4748474
YEG-252,53.49778108,-113.4597316
YEG-253,53.49778108,-113.4446158
YEG-254,53.49778108,-113.4295
YEG-255,53.49778108,-113.4143843
YEG-256,53.49778108,-113.3992685
YEG-257,53.49778108,-113.3841527
YEG-258,53.49778108,-113.3690369
YEG-259,53.49778108,-113.3539211
YEG-260,53.49778108,-113.3388053
YEG-261,53.50679009,-113.7167
YEG-262,53.50679009,-113.7015842
YEG-263,53.50679009,-113.6864684
YEG-264,53.50679009,-113.6713526
YEG-265,53.50679009,-113.6562369
YEG-266,53.50679009,-113.6411211
YEG-267,53.50679009,-113.6260053
YEG-268,53.50679009,-113.6108895
YEG-269,53.50679009,-113.5957737
YEG-270,53.50679009,-113.5806579
YEG-271,53.50679009,-113.5655421
YEG-272,53.50679009,-113.5504263
YEG-273,53.50679009,-113.5353106
YEG-274,53.50679009,-113.5201948
YEG-275,53.50679009,-113.505079
YEG-276,53.50679009,-113.4899632
YEG-277,53.50679009,-113.4748474
YEG-278,53.50679009,-113.4597316
YEG-279,53.50679009,-113.4446158
YEG-280,53.50679009,-113.4295
YEG-281,53.50679009,-113.4143843
YEG-282,53.50679009,-113.3992685
YEG-283,53.50679009,-113.3841527
YEG-284,53.50679009,-113.3690369
YEG-285,53.50679009,-113.3539211
YEG-286,53.50679009,-113.3388053
YEG-287,53.5157991,-113.7167
YEG-288,53.5157991,-113.7015842
YEG-289,53.5157991,-113.6864684
YEG-290,53.5157991,-113.6713526
YEG-291,53.5157991,-113.6562369
YEG-292,53.5157991,-113.6411211
YEG-293,53.5157991,-113.6260053
YEG-294,53.5157991,-113.6108895
YEG-295,53.5157991,-113.5957737
YEG-296,53.5157991,-113.5806579
YEG-297,53.5157991,-113.5655421
YEG-298,53.5157991,-113.5504263
YEG-299,53.5157991,-113.5353106
YEG-300,53.5157991,-113.5201948
YEG-301,53.5157991,-113.505079
YEG-302,53.5157991,-113.4899632
YEG-303,53.5157991,-113.4748474
YEG-304,53.5157991,-113.4597316
YEG-305,53.5157991,-113.4446158
YEG-306,53.5157991,-113.4295
YEG-307,53.5157991,-113.4143843
YEG-308,53.5157991,-113.3992685
YEG-309,53.5157991,-113.3841527
YEG-310,53.5157991,-113.3690369
YEG-311,53.5157991,-113.3539211
YEG-312,53.5157991,-113.3388053
YEG-313,53.52480811,-113.7167
YEG-314,53.52480811,-113.7015842
YEG-315,53.52480811,-113.6864684
YEG-316,53.52480811,-113.6713526
YEG-317,53.52480811,-113.6562369
YEG-318,53.52480811,-113.6411211
YEG-319,53.52480811,-113.6260053
YEG-320,53.52480811,-113.6108895
YEG-321,53.52480811,-113.5957737
YEG-322,53.52480811,-113.5806579
YEG-323,53.52480811,-113.5655421
YEG-324,53.52480811,-113.5504263
YEG-325,53.52480811,-113.5353106
YEG-326,53.52480811,-113.5201948
YEG-327,53.52480811,-113.505079
YEG-328,53.52480811,-113.4899632
YEG-329,53.52480811,-113.4748474
YEG-330,53.52480811,-113.4597316
YEG-331,53.52480811,-113.4446158
YEG-332,53.52480811,-113.4295
YEG-333,53.52480811,-113.4143843
YEG-334,53.52480811,-113.3992685
YEG-335,53.52480811,-113.3841527
YEG-336,53.52480811,-113.3690369
YEG-337,53.52480811,-113.3539211
YEG-338,53.52480811,-113.3388053
YEG-339,53.53381712,-113.7167
YEG-340,53.53381712,-113.7015842
YEG-341,53.53381712,-113.6864684
YEG-342,53.53381712,-113.6713526
YEG-343,53.53381712,-113.6562369
YEG-344,53.53381712,-113.6411211
YEG-345,53.53381712,-113.6260053
YEG-346,53.53381712,-113.6108895
YEG-347,53.53381712,-113.5957737
YEG-348,53.53381712,-113.5806579
YEG-349,53.53381712,-113.5655421
YEG-350,53.53381712,-113.5504263
YEG-351,53.53381712,-113.5353106
YEG-352,53.53381712,-113.5201948
YEG-353,53.53381712,-113.505079
YEG-354,53.53381712,-113.4899632
YEG-355,53.53381712,-113.4748474
YEG-356,53.53381712,-113.4597316
YEG-357,53.53381712,-113.4446158
YEG-358,53.53381712,-113.4295
YEG-359,53.53381712,-113.4143843
YEG-360,53.53381712,-113.3992685
YEG-361,53.53381712,-113.3841527
YEG-362,53.53381712,-113.3690369
YEG-363,53.53381712,-113.3539211
YEG-364,53.53381712,-113.3388053
YEG-365,53.54282613,-113.7167
YEG-366,53.54282613,-113.7015842
YEG-367,53.54282613,-113.6864684
YEG-368,53.54282613,-113.6713526
YEG-369,53.54282613,-113.6562369
YEG-370,53.54282613,-113.6411211
YEG-371,53.54282613,-113.6260053
YEG-372,53.54282613,-113.6108895
YEG-373,53.54282613,-113.5957737
YEG-374,53.54282613,-113.5806579
YEG-375,53.54282613,-113.5655421
YEG-376,53.54282613,-113.5504263
YEG-377,53.54282613,-113.5353106
YEG-378,53.54282613,-113.5201948
YEG-379,53.54282613,-113.505079
YEG-380,53.54282613,-113.4899632
YEG-381,53.54282613,-113.4748474
YEG-382,53.54282613,-113.4597316
YEG-383,53.54282613,-113.4446158
YEG-384,53.54282613,-113.4295
YEG-385,53.54282613,-113.4143843
YEG-386,53.54282613,-113.3992685
YEG-387,53.54282613,-113.3841527
YEG-388,53.54282613,-113.3690369
YEG-389,53.54282613,-113.3539211
YEG-390,53.54282613,-113.3388053
YEG-391,53.55183514,-113.7167
YEG-392,53.55183514,-113.7015842
YEG-393,53.55183514,-113.6864684
YEG-394,53.55183514,-113.6713526
YEG-395,53.55183514,-113.6562369
YEG-396,53.55183514,-113.6411211
YEG-397,53.55183514,-113.6260053
YEG-398,53.55183514,-113.6108895
YEG-399,53.55183514,-113.5957737
YEG-400,53.55183514,-113.5806579
YEG-401,53.55183514,-113.5655421
YEG-402,53.55183514,-113.5504263
YEG-403,53.55183514,-113.5353106
YEG-404,53.55183514,-113.5201948
YEG-405,53.55183514,-113.505079
YEG-406,53.55183514,-113.4899632
YEG-407,53.55183514,-113.4748474
YEG-408,53.55183514,-113.4597316
YEG-409,53.55183514,-113.4446158
YEG-410,53.55183514,-113.4295
YEG-411,53.55183514,-113.4143843
YEG-412,53.55183514,-113.3992685
YEG-413,53.55183514,-113.3841527
YEG-414,53.55183514,-113.3690369
YEG-415,53.55183514,-113.3539211
YEG-416,53.55183514,-113.3388053
YEG-417,53.56084414,-113.7167
YEG-418,53.56084414,-113.7015842
YEG-419,53.56084414,-113.6864684
YEG-420,53.56084414,-113.6713526
YEG-421,53.56084414,-113.6562369
YEG-422,53.56084414,-113.6411211
YEG-423,53.56084414,-113.6260053
YEG-424,53.56084414,-113.6108895
YEG-425,53.56084414,-113.5957737
YEG-426,53.56084414,-113.5806579
YEG-427,53.56084414,-113.5655421
YEG-428,53.56084414,-113.5504263
YEG-429,53.56084414,-113.5353106
YEG-430,53.56084414,-113.5201948
YEG-431,53.56084414,-113.505079
YEG-432,53.56084414,-113.4899632
YEG-433,53.56084414,-113.4748474
YEG-434,53.56084414,-113.4597316
YEG-435,53.56084414,-113.4446158
YEG-436,53.56084414,-113.4295
YEG-437,53.56084414,-113.4143843
YEG-438,53.56084414,-113.3992685
YEG-439,53.56084414,-113.3841527
YEG-440,53.56084414,-113.3690369
YEG-441,53.56084414,-113.3539211
YEG-442,53.56084414,-113.3388053
YEG-443,53.56985315,-113.7167
YEG-444,53.56985315,-113.7015842
YEG-445,53.56985315,-113.6864684
YEG-446,53.56985315,-113.6713526
YEG-447,53.56985315,-113.6562369
YEG-448,53.56985315,-113.6411211
YEG-449,53.56985315,-113.6260053
YEG-450,53.56985315,-113.6108895
YEG-451,53.56985315,-113.5957737
YEG-452,53.56985315,-113.5806579
YEG-453,53.56985315,-113.5655421
YEG-454,53.56985315,-113.5504263
YEG-455,53.56985315,-113.5353106
YEG-456,53.56985315,-113.5201948
YEG-457,53.56985315,-113.505079
YEG-458,53.56985315,-113.4899632
YEG-459,53.56985315,-113.4748474
YEG-460,53.56985315,-113.4597316
YEG-461,53.56985315,-113.4446158
YEG-462,53.56985315,-113.4295
YEG-463,53.56985315,-113.4143843
YEG-464,53.56985315,-113.3992685
YEG-465,53.56985315,-113.3841527
YEG-466,53.56985315,-113.3690369
YEG-467,53.56985315,-113.3539211
YEG-468,53.56985315,-113.3388053
YEG-469,53.57886216,-113.7167
YEG-470,53.57886216,-113.7015842
YEG-471,53.57886216,-113.6864684
YEG-472,53.57886216,-113.6713526
YEG-473,53.57886216,-113.6562369
YEG-474,53.57886216,-113.6411211
YEG-475,53.57886216,-113.6260053
YEG-476,53.57886216,-113.6108895
YEG-477,53.57886216,-113.5957737
YEG-478,53.57886216,-113.5806579
YEG-479,53.57886216,-113.5655421
YEG-480,53.57886216,-113.5504263
YEG-481,53.57886216,-113.5353106
YEG-482,53.57886216,-113.5201948
YEG-483,53.57886216,-113.505079
YEG-484,53.57886216,-113.4899632
YEG-485,53.57886216,-113.4748474
YEG-486,53.57886216,-113.4597316
YEG-487,53.57886216,-113.4446158
YEG-488,53.57886216,-113.4295
YEG-489,53.57886216,-113.4143843
YEG-490,53.57886216,-113.3992685
YEG-491,53.57886216,-113.3841527
YEG-492,53.57886216,-113.3690369
YEG-493,53.57886216,-113.3539211
YEG-494,53.57886216,-113.3388053
YEG-495,53.58787117,-113.7167
YEG-496,53.58787117,-113.7015842
YEG-497,53.58787117,-113.6864684
YEG-498,53.58787117,-113.6713526
YEG-499,53.58787117,-113.6562369
YEG-500,53.58787117,-113.6411211
YEG-501,53.58787117,-113.6260053
YEG-502,53.58787117,-113.6108895
YEG-503,53.58787117,-113.5957737
YEG-504,53.58787117,-113.5806579
YEG-505,53.58787117,-113.5655421
YEG-506,53.58787117,-113.5504263
YEG-507,53.58787117,-113.5353106
YEG-508,53.58787117,-113.5201948
YEG-509,53.58787117,-113.505079
YEG-510,53.58787117,-113.4899632
YEG-511,53.58787117,-113.4748474
YEG-512,53.58787117,-113.4597316
YEG-513,53.58787117,-113.4446158
YEG-514,53.58787117,-113.4295
YEG-515,53.58787117,-113.4143843
YEG-516,53.58787117,-113.3992685
YEG-517,53.58787117,-113.3841527
YEG-518,53.58787117,-113.3690369
YEG-519,53.58787117,-113.3539211
YEG-520,53.58787117,-113.3388053
YEG-521,53.59688018,-113.7167
YEG-522,53.59688018,-113.7015842
YEG-523,53.59688018,-113.6864684
YEG-524,53.59688018,-113.6713526
YEG-525,53.59688018,-113.6562369
YEG-526,53.59688018,-113.6411211
YEG-527,53.59688018,-113.6260053
YEG-528,53.59688018,-113.6108895
YEG-529,53.59688018,-113.5957737
YEG-530,53.59688018,-113.5806579
YEG-531,53.59688018,-113.5655421
YEG-532,53.59688018,-113.5504263
YEG-533,53.59688018,-113.5353106
YEG-534,53.59688018,-113.5201948
YEG-535,53.59688018,-113.505079
YEG-536,53.59688018,-113.4899632
YEG-537,53.59688018,-113.4748474
YEG-538,53.59688018,-113.4597316
YEG-539,53.59688018,-113.4446158
YEG-540,53.59688018,-113.4295
YEG-541,53.59688018,-113.4143843
YEG-542,53.59688018,-113.3992685
YEG-543,53.59688018,-113.3841527
YEG-544,53.59688018,-113.3690369
YEG-545,53.59688018,-113.3539211
YEG-546,53.59688018,-113.3388053
YEG-547,53.60588919,-113.7167
YEG-548,53.60588919,-113.7015842
YEG-549,53.60588919,-113.6864684
YEG-550,53.60588919,-113.6713526
YEG-551,53.60588919,-113.6562369
YEG-552,53.60588919,-113.6411211
YEG-553,53.60588919,-113.6260053
YEG-554,53.60588919,-113.6108895
YEG-555,53.60588919,-113.5957737
YEG-556,53.60588919,-113.5806579
YEG-557,53.60588919,-113.5655421
YEG-558,53.60588919,-113.5504263
YEG-559,53.60588919,-113.5353106
YEG-560,53.60588919,-113.5201948
YEG-561,53.60588919,-113.505079
YEG-562,53.60588919,-113.4899632
YEG-563,53.60588919,-113.4748474
YEG-564,53.60588919,-113.4597316
YEG-565,53.60588919,-113.4446158
YEG-566,53.60588919,-113.4295
YEG-567,53.60588919,-113.4143843
YEG-568,53.60588919,-113.3992685
YEG-569,53.60588919,-113.3841527
YEG-570,53.60588919,-113.3690369
YEG-571,53.60588919,-113.3539211
YEG-572,53.60588919,-113.3388053
YEG-573,53.6148982,-113.7167
YEG-574,53.6148982,-113.7015842
YEG-575,53.6148982,-113.6864684
YEG-576,53.6148982,-113.6713526
YEG-577,53.6148982,-113.6562369
YEG-578,53.6148982,-113.6411211
YEG-579,53.6148982,-113.6260053
YEG-580,53.6148982,-113.6108895
YEG-581,53.6148982,-113.5957737
YEG-582,53.6148982,-113.5806579
YEG-583,53.6148982,-113.5655421
YEG-584,53.6148982,-113.5504263
YEG-585,53.6148982,-113.5353106
YEG-586,53.6148982,-113.5201948
YEG-587,53.6148982,-113.505079
YEG-588,53.6148982,-113.4899632
YEG-589,53.6148982,-113.4748474
YEG-590,53.6148982,-113.4597316
YEG-591,53.6148982,-113.4446158
YEG-592,53.6148982,-113.4295
YEG-593,53.6148982,-113.4143843
YEG-594,53.6148982,-113.3992685
YEG-595,53.6148982,-113.3841527
YEG-596,53.6148982,-113.3690369
YEG-597,53.6148982,-113.3539211
YEG-598,53.6148982,-113.3388053
YEG-599,53.62390721,-113.7167
YEG-600,53.62390721,-113.7015842
YEG-601,53.62390721,-113.6864684
YEG-602,53.62390721,-113.6713526
YEG-603,53.62390721,-113.6562369
YEG-604,53.62390721,-113.6411211
YEG-605,53.62390721,-113.6260053
YEG-606,53.62390721,-113.6108895
YEG-607,53.62390721,-113.5957737
YEG-608,53.62390721,-113.5806579
YEG-609,53.62390721,-113.5655421
YEG-610,53.62390721,-113.5504263
YEG-611,53.62390721,-113.5353106
YEG-612,53.62390721,-113.5201948
YEG-613,53.62390721,-113.505079
YEG-614,53.62390721,-113.4899632
YEG-615,53.62390721,-113.4748474
YEG-616,53.62390721,-113.4597316
YEG-617,53.62390721,-113.4446158
YEG-618,53.62390721,-113.4295
YEG-619,53.62390721,-113.4143843
YEG-620,53.62390721,-113.3992685
YEG-621,53.62390721,-113.3841527
YEG-622,53.62390721,-113.3690369
YEG-623,53.62390721,-113.3539211
YEG-624,53.62390721,-113.3388053
YEG-625,53.63291622,-113.7167
YEG-626,53.63291622,-113.7015842
YEG-627,53.63291622,-113.6864684
YEG-628,53.63291622,-113.6713526
YEG-629,53.63291622,-113.6562369
YEG-630,53.63291622,-113.6411211
YEG-631,53.63291622,-113.6260053
YEG-632,53.63291622,-113.6108895
YEG-633,53.63291622,-113.5957737
YEG-634,53.63291622,-113.5806579
YEG-635,53.63291622,-113.5655421
YEG-636,53.63291622,-113.5504263
YEG-637,53.63291622,-113.5353106
YEG-638,53.63291622,-113.5201948
YEG-639,53.63291622,-113.505079
YEG-640,53.63291622,-113.4899632
YEG-641,53.63291622,-113.4748474
YEG-642,53.63291622,-113.4597316
YEG-643,53.63291622,-113.4446158
YEG-644,53.63291622,-113.4295
YEG-645,53.63291622,-113.4143843
YEG-646,53.63291622,-113.3992685
YEG-647,53.63291622,-113.3841527
YEG-648,53.63291622,-113.3690369
YEG-649,53.63291622,-113.3539211
YEG-650,53.63291622,-113.3388053
YEG-651,53.64192523,-113.7167
YEG-652,53.64192523,-113.7015842
YEG-653,53.64192523,-113.6864684
YEG-654,53.64192523,-113.6713526
YEG-655,53.64192523,-113.6562369
YEG-656,53.64192523,-113.6411211
YEG-657,53.64192523,-113.6260053
YEG-658,53.64192523,-113.6108895
YEG-659,53.64192523,-113.5957737
YEG-660,53.64192523,-113.5806579
YEG-661,53.64192523,-113.5655421
YEG-662,53.64192523,-113.5504263
YEG-663,53.64192523,-113.5353106
YEG-664,53.64192523,-113.5201948
YEG-665,53.64192523,-113.505079
YEG-666,53.64192523,-113.4899632
YEG-667,53.64192523,-113.4748474
YEG-668,53.64192523,-113.4597316
YEG-669,53.64192523,-113.4446158
YEG-670,53.64192523,-113.4295
YEG-671,53.64192523,-113.4143843
YEG-672,53.64192523,-113.3992685
YEG-673,53.64192523,-113.3841527
YEG-674,53.64192523,-113.3690369
YEG-675,53.64192523,-113.3539211
YEG-676,53.64192523,-113.3388053
YEG-677,53.65093423,-113.7167
YEG-678,53.65093423,-113.7015842
YEG-679,53.65093423,-113.6864684
YEG-680,53.65093423,-113.6713526
YEG-681,53.65093423,-113.6562369
YEG-682,53.65093423,-113.6411211
YEG-683,53.65093423,-113.6260053
YEG-684,53.65093423,-113.6108895
YEG-685,53.65093423,-113.5957737
YEG-686,53.65093423,-113.5806579
YEG-687,53.65093423,-113.5655421
YEG-688,53.65093423,-113.5504263
YEG-689,53.65093423,-113.5353106
YEG-690,53.65093423,-113.5201948
YEG-691,53.65093423,-113.505079
YEG-692,53.65093423,-113.4899632
YEG-693,53.65093423,-113.4748474
YEG-694,53.65093423,-113.4597316
YEG-695,53.65093423,-113.4446158
YEG-696,53.65093423,-113.4295
YEG-697,53.65093423,-113.4143843
YEG-698,53.65093423,-113.3992685
YEG-699,53.65093423,-113.3841527
YEG-700,53.65093423,-113.3690369
YEG-701,53.65093423,-113.3539211
YEG-702,53.65093423,-113.3388053
YEG-703,53.65994324,-113.7167
YEG-704,53.65994324,-113.7015842
YEG-705,53.65994324,-113.6864684
YEG-706,53.65994324,-113.6713526
YEG-707,53.65994324,-113.6562369
YEG-708,53.65994324,-113.6411211
YEG-709,53.65994324,-113.6260053
YEG-710,53.65994324,-113.6108895
YEG-711,53.65994324,-113.5957737
YEG-712,53.65994324,-113.5806579
YEG-713,53.65994324,-113.5655421
YEG-714,53.65994324,-113.5504263
YEG-715,53.65994324,-113.5353106
YEG-716,53.65994324,-113.5201948
YEG-717,53.65994324,-113.505079
YEG-718,53.65994324,-113.4899632
YEG-719,53.65994324,-113.4748474
YEG-720,53.65994324,-113.4597316
YEG-721,53.65994324,-113.4446158
YEG-722,53.65994324,-113.4295
YEG-723,53.65994324,-113.4143843
YEG-724,53.65994324,-113.3992685
YEG-725,53.65994324,-113.3841527
YEG-726,53.65994324,-113.3690369
YEG-727,53.65994324,-113.3539211
YEG-728,53.65994324,-113.3388053
YEG-729,53.66895225,-113.7167
YEG-730,53.66895225,-113.7015842
YEG-731,53.66895225,-113.6864684
YEG-732,53.66895225,-113.6713526
YEG-733,53.66895225,-113.6562369
YEG-734,53.66895225,-113.6411211
YEG-735,53.66895225,-113.6260053
YEG-736,53.66895225,-113.6108895
YEG-737,53.66895225,-113.5957737
YEG-738,53.66895225,-113.5806579
YEG-739,53.66895225,-113.5655421
YEG-740,53.66895225,-113.5504263
YEG-741,53.66895225,-113.5353106
YEG-742,53.66895225,-113.5201948
YEG-743,53.66895225,-113.505079
YEG-744,53.66895225,-113.4899632
YEG-745,53.66895225,-113.4748474
YEG-746,53.66895225,-113.4597316
YEG-747,53.66895225,-113.4446158
YEG-748,53.66895225,-113.4295
YEG-749,53.66895225,-113.4143843
YEG-750,53.66895225,-113.3992685
YEG-751,53.66895225,-113.3841527
YEG-752,53.66895225,-113.3690369
YEG-753,53.66895225,-113.3539211
YEG-754,53.66895225,-113.3388053
YEG-755,53.67796126,-113.7167
YEG-756,53.67796126,-113.7015842
YEG-757,53.67796126,-113.6864684
YEG-758,53.67796126,-113.6713526
YEG-759,53.67796126,-113.6562369
YEG-760,53.67796126,-113.6411211
YEG-761,53.67796126,-113.6260053
YEG-762,53.67796126,-113.6108895
YEG-763,53.67796126,-113.5957737
YEG-764,53.67796126,-113.5806579
YEG-765,53.67796126,-113.5655421
YEG-766,53.67796126,-113.5504263
YEG-767,53.67796126,-113.5353106
YEG-768,53.67796126,-113.5201948
YEG-769,53.67796126,-113.505079
YEG-770,53.67796126,-113.4899632
YEG-771,53.67796126,-113.4748474
YEG-772,53.67796126,-113.4597316
YEG-773,53.67796126,-113.4446158
YEG-774,53.67796126,-113.4295
YEG-775,53.67796126,-113.4143843
YEG-776,53.67796126,-113.3992685
YEG-777,53.67796126,-113.3841527
YEG-778,53.67796126,-113.3690369
YEG-779,53.67796126,-113.3539211
YEG-780,53.67796126,-113.3388053
YEG-781,53.68697027,-113.7167
YEG-782,53.68697027,-113.7015842
YEG-783,53.68697027,-113.6864684
YEG-784,53.68697027,-113.6713526
YEG-785,53.68697027,-113.6562369
YEG-786,53.68697027,-113.6411211
YEG-787,53.68697027,-113.6260053
YEG-788,53.68697027,-113.6108895
YEG-789,53.68697027,-113.5957737
YEG-790,53.68697027,-113.5806579
YEG-791,53.68697027,-113.5655421
YEG-792,53.68697027,-113.5504263
YEG-793,53.68697027,-113.5353106
YEG-794,53.68697027,-113.5201948
YEG-795,53.68697027,-113.505079
YEG-796,53.68697027,-113.4899632
YEG-797,53.68697027,-113.4748474
YEG-798,53.68697027,-113.4597316
YEG-799,53.68697027,-113.4446158
YEG-800,53.68697027,-113.4295
YEG-801,53.68697027,-113.4143843
YEG-802,53.68697027,-113.3992685
YEG-803,53.68697027,-113.3841527
YEG-804,53.68697027,-113.3690369
YEG-805,53.68697027,-113.3539211
YEG-806,53.68697027,-113.3388053
YEG-807,53.69597928,-113.7167
YEG-808,53.69597928,-113.7015842
YEG-809,53.69597928,-113.6864684
YEG-810,53.69597928,-113.6713526
YEG-811,53.69597928,-113.6562369
YEG-812,53.69597928,-113.6411211
YEG-813,53.69597928,-113.6260053
YEG-814,53.69597928,-113.6108895
YEG-815,53.69597928,-113.5957737
YEG-816,53.69597928,-113.5806579
YEG-817,53.69597928,-113.5655421
YEG-818,53.69597928,-113.5504263
YEG-819,53.69597928,-113.5353106
YEG-820,53.69597928,-113.5201948
YEG-821,53.69597928,-113.505079
YEG-822,53.69597928,-113.4899632
YEG-823,53.69597928,-113.4748474
YEG-824,53.69597928,-113.4597316
YEG-825,53.69597928,-113.4446158
YEG-826,53.69597928,-113.4295
YEG-827,53.69597928,-113.4143843
YEG-828,53.69597928,-113.3992685
YEG-829,53.69597928,-113.3841527
YEG-830,53.69597928,-113.3690369
YEG-831,53.69597928,-113.3539211
YEG-832,53.69597928,-113.3388053
YEG-833,53.70498829,-113.7167
YEG-834,53.70498829,-113.7015842
YEG-835,53.70498829,-113.6864684
YEG-836,53.70498829,-113.6713526
YEG-837,53.70498829,-113.6562369
YEG-838,53.70498829,-113.6411211
YEG-839,53.70498829,-113.6260053
YEG-840,53.70498829,-113.6108895
YEG-841,53.70498829,-113.5957737
YEG-842,53.70498829,-113.5806579
YEG-843,53.70498829,-113.5655421
YEG-844,53.70498829,-113.5504263
YEG-845,53.70498829,-113.5353106
YEG-846,53.70498829,-113.5201948
YEG-847,53.70498829,-113.505079
YEG-848,53.70498829,-113.4899632
YEG-849,53.70498829,-113.4748474
YEG-850,53.70498829,-113.4597316
YEG-851,53.70498829,-113.4446158
YEG-852,53.70498829,-113.4295
YEG-853,53.70498829,-113.4143843
YEG-854,53.70498829,-113.3992685
YEG-855,53.70498829,-113.3841527
YEG-856,53.70498829,-113.3690369
YEG-857,53.70498829,-113.3539211
YEG-858,53.70498829,-113.3388053
YEG-859,53.7139973,-113.7167
YEG-860,53.7139973,-113.7015842
YEG-861,53.7139973,-113.6864684
YEG-862,53.7139973,-113.6713526
YEG-863,53.7139973,-113.6562369
YEG-864,53.7139973,-113.6411211
YEG-865,53.7139973,-113.6260053
YEG-866,53.7139973,-113.6108895
YEG-867,53.7139973,-113.5957737
YEG-868,53.7139973,-113.5806579
YEG-869,53.7139973,-113.5655421
YEG-870,53.7139973,-113.5504263
YEG-871,53.7139973,-113.5353106
YEG-872,53.7139973,-113.5201948
YEG-873,53.7139973,-113.505079
YEG-874,53.7139973,-113.4899632
YEG-875,53.7139973,-113.4748474
YEG-876,53.7139973,-113.4597316
YEG-877,53.7139973,-113.4446158
YEG-878,53.7139973,-113.4295
YEG-879,53.7139973,-113.4143843
YEG-880,53.7139973,-113.3992685
YEG-881,53.7139973,-113.3841527
YEG-882,53.7139973,-113.3690369
YEG-883,53.7139973,-113.3539211
YEG-884,53.7139973,-113.3388053